{"cameraMode":{"drawMode":0,"name":"Shaded","section":"Shading Mode"},"sceneLighting":true,"audioPlay":false,"sceneViewState":{"showFog":true,"showMaterialUpdate":false,"showSkybox":true,"showFlares":true,"showImageEffects":true,"showParticleSystems":true},"in2DMode":false,"pivot":{"x":1.5934265851974488,"y":1.1153980493545533,"z":1.5934268236160279},"rotation":{"x":-0.061767760664224628,"y":-0.011379565112292767,"z":0.0007105577387847006,"w":-0.9980493187904358},"size":9.453697204589844,"orthographic":true}