{"cameraMode":{"drawMode":0,"name":"Shaded","section":"Shading Mode"},"sceneLighting":true,"audioPlay":false,"sceneViewState":{"showFog":true,"showMaterialUpdate":false,"showSkybox":true,"showFlares":true,"showImageEffects":true,"showParticleSystems":true},"in2DMode":false,"pivot":{"x":1.1200408935546876,"y":0.23828125,"z":0.962890625},"rotation":{"x":-0.23017701506614686,"y":-0.19777296483516694,"z":0.047838881611824039,"w":-0.9516690373420715},"size":9.453697204589844,"orthographic":true}